{"cameraMode":{"drawMode":0,"name":"Shaded","section":"Shading Mode"},"sceneLighting":false,"audioPlay":false,"sceneViewState":{"m_AlwaysRefresh":false,"showFog":true,"showSkybox":false,"showFlares":true,"showImageEffects":true,"showParticleSystems":true,"showVisualEffectGraphs":true,"m_FxEnabled":true},"in2DMode":false,"pivot":{"x":13.396705627441407,"y":5.012017726898193,"z":2.3536431789398195},"rotation":{"x":0.000308921211399138,"y":-0.021002350375056268,"z":0.000004695541974797379,"w":0.9997824430465698},"size":8.570237159729004,"orthographic":true}